{"get_browser":{"time":47.569047927856,"memory":524288},"browscap-php":{"time":1.1221010684967,"memory":13631488},"crossjoin-browscap":{"time":3.0749452114105,"memory":1572864},"ua-parser":{"time":0.13834619522095,"memory":786432},"woothee":{"time":0.19455099105835,"memory":524288}}