{
    "browscap-php": {
        "time": 25.198320150375,
        "memory": 33030144
    },
    "ua-parser": {
        "time": 0.71548199653625,
        "memory": 1048576
    },
    "woothee": {
        "time": 0.12082195281982,
        "memory": 524288
    }
}