{"get_browser":{"time":46.237493991852,"memory":524288},"browscap-php":{"time":0.95736503601074,"memory":13369344},"crossjoin-browscap":{"time":2.8503410816193,"memory":1310720},"ua-parser":{"time":0.10208678245544,"memory":786432},"woothee":{"time":0.0087931156158447,"memory":524288}}